id,name,created_at,updated_at,ancestry
1,レディース,2019-07-15,2019-07-15
2,メンズ,2019-07-15,2019-07-15
3,ベビー・キッズ,2019-07-15,2019-07-15
4,インテリア・住まい・小物,2019-07-15,2019-07-15
5,本・音楽・ゲーム,2019-07-15,2019-07-15
6,おもちゃ・ホビー・グッズ,2019-07-15,2019-07-15
7,コスメ・香水・美容,2019-07-15,2019-07-15
8,家電・スマホ・カメラ,2019-07-15,2019-07-15
9,スポーツ・レジャー,2019-07-15,2019-07-15
10,ハンドメイド,2019-07-15,2019-07-15
11,チケット,2019-07-15,2019-07-15
12,自動車・オートバイ,2019-07-15,2019-07-15
13,その他,2019-07-15,2019-07-15
14,トップス,2019-07-15,2019-07-15,1
15,ジャケット/アウター,2019-07-15,2019-07-15,1
16,パンツ,2019-07-15,2019-07-15,1
17,スカート,2019-07-15,2019-07-15,1
18,ワンピース,2019-07-15,2019-07-15,1
19,靴,2019-07-15,2019-07-15,1
20,ルームウェア/パジャマ,2019-07-15,2019-07-15,1
21,レッグウェア,2019-07-15,2019-07-15,1
22,帽子,2019-07-15,2019-07-15,1
23,バッグ,2019-07-15,2019-07-15,1
24,アクセサリー,2019-07-15,2019-07-15,1
25,ヘアアクセサリー,2019-07-15,2019-07-15,1
26,小物,2019-07-15,2019-07-15,1
27,時計,2019-07-15,2019-07-15,1
28,トップス,2019-07-15,2019-07-15,2
29,ジャケット/アウター,2019-07-15,2019-07-15,2
30,パンツ,2019-07-15,2019-07-15,2
31,靴,2019-07-15,2019-07-15,2
32,バッグ,2019-07-15,2019-07-15,2
33,スーツ,2019-07-15,2019-07-15,2
34,帽子,2019-07-15,2019-07-15,2
35,アクセサリー,2019-07-15,2019-07-15,2
36,小物,2019-07-15,2019-07-15,2
37,時計,2019-07-15,2019-07-15,2
38,水着,2019-07-15,2019-07-15,2
39,レッグウェア,2019-07-15,2019-07-15,2
40,アンダーウェア,2019-07-15,2019-07-15,2
41,その他,2019-07-15,2019-07-15,2
42,ベビー服(女の子用)  ~95cm,2019-07-15,2019-07-15,3
43,ベビー服(男の子用)  ~95cm,2019-07-15,2019-07-15,3
44,ベビー服(男女兼用)  ~95cm,2019-07-15,2019-07-15,3
45,キッズ服(女の子用) 100cm~,2019-07-15,2019-07-15,3
46,キッズ服(男の子用) 100cm~,2019-07-15,2019-07-15,3
47,キッズ服(男女兼用) 100cm~,2019-07-15,2019-07-15,3
48,キッズ靴,2019-07-15,2019-07-15,3
49,子ども用ファッション小物,2019-07-15,2019-07-15,3
50,おむつ/トイレ/バス,2019-07-15,2019-07-15,3
51,外出/移動用品,2019-07-15,2019-07-15,3
52,授乳/食事,2019-07-15,2019-07-15,3
53,ベビー家具/寝具/室内用品,2019-07-15,2019-07-15,3
54,おもちゃ,2019-07-15,2019-07-15,3
55,行事/記念品,2019-07-15,2019-07-15,3
56,その他,2019-07-15,2019-07-15,3
57,キッチン/食器,2019-07-15,2019-07-15,4
58,ベッド/マットレス,2019-07-15,2019-07-15,4
59,ソファ/ソファベッド,2019-07-15,2019-07-15,4
60,椅子/チェア,2019-07-15,2019-07-15,4
61,机/テーブル,2019-07-15,2019-07-15,4
62,収納家具,2019-07-15,2019-07-15,4
63,ラグ/カーペット/マット,2019-07-15,2019-07-15,4
64,カーテン/ブラインド,2019-07-15,2019-07-15,4
65,ライト/照明,2019-07-15,2019-07-15,4
66,寝具,2019-07-15,2019-07-15,4
67,インテリア小物,2019-07-15,2019-07-15,4
68,季節/年中行事,2019-07-15,2019-07-15,4
69,その他,2019-07-15,2019-07-15,4
70,本,2019-07-15,2019-07-15,5
71,漫画,2019-07-15,2019-07-15,5
72,雑誌,2019-07-15,2019-07-15,5
73,CD,2019-07-15,2019-07-15,5
74,DVD/ブルーレイ,2019-07-15,2019-07-15,5
75,レコード,2019-07-15,2019-07-15,5
76,テレビゲーム,2019-07-15,2019-07-15,5
77,おもちゃ,2019-07-15,2019-07-15,6
78,タレントグッズ,2019-07-15,2019-07-15,6
79,コミック/アニメグッズ,2019-07-15,2019-07-15,6
80,トレーディングカード,2019-07-15,2019-07-15,6
81,フィギュア,2019-07-15,2019-07-15,6
82,楽器/器材,2019-07-15,2019-07-15,6
83,コレクション,2019-07-15,2019-07-15,6
84,ミリタリー,2019-07-15,2019-07-15,6
85,美術品,2019-07-15,2019-07-15,6
86,アート用品,2019-07-15,2019-07-15,6
87,その他,2019-07-15,2019-07-15,6
88,ベースメイク,2019-07-15,2019-07-15,7
89,メイクアップ,2019-07-15,2019-07-15,7
90,ネイルケア,2019-07-15,2019-07-15,7
91,香水,2019-07-15,2019-07-15,7
92,スキンケア/基礎化粧品,2019-07-15,2019-07-15,7
93,ヘアケア,2019-07-15,2019-07-15,7
94,ボディケア,2019-07-15,2019-07-15,7
95,オーラルケア,2019-07-15,2019-07-15,7
96,リラクゼーション,2019-07-15,2019-07-15,7
97,ダイエット,2019-07-15,2019-07-15,7
98,その他,2019-07-15,2019-07-15,7
99,スマートフォン/携帯電話,2019-07-15,2019-07-15,8
100,スマホアクセサリー,2019-07-15,2019-07-15,8
101,PC/タブレット,2019-07-15,2019-07-15,8
102,カメラ,2019-07-15,2019-07-15,8
103,テレビ/映像機器,2019-07-15,2019-07-15,8
104,オーディオ機器,2019-07-15,2019-07-15,8
105,美容/健康,2019-07-15,2019-07-15,8
106,冷暖房/空調,2019-07-15,2019-07-15,8
107,生活家電,2019-07-15,2019-07-15,8
108,その他,2019-07-15,2019-07-15,8
109,ゴルフ,2019-07-15,2019-07-15,9
110,フィッシング,2019-07-15,2019-07-15,9
111,自転車,2019-07-15,2019-07-15,9
112,トレーニング/エクササイズ,2019-07-15,2019-07-15,9
113,野球,2019-07-15,2019-07-15,9
114,サッカー/フットサル,2019-07-15,2019-07-15,9
115,テニス,2019-07-15,2019-07-15,9
116,スノーボード,2019-07-15,2019-07-15,9
117,スキー,2019-07-15,2019-07-15,9
118,その他スポーツ,2019-07-15,2019-07-15,9
119,アウトドア,2019-07-15,2019-07-15,9
120,その他,2019-07-15,2019-07-15,9
121,アクセサリー(女性用),2019-07-15,2019-07-15,10
122,ファッション/小物,2019-07-15,2019-07-15,10
123,アクセサリー/時計,2019-07-15,2019-07-15,10
124,日用品/インテリア,2019-07-15,2019-07-15,10
125,趣味/おもちゃ,2019-07-15,2019-07-15,10
126,キッズ/ベビー,2019-07-15,2019-07-15,10
127,素材/材料,2019-07-15,2019-07-15,10
128,二次創作物,2019-07-15,2019-07-15,10
129,その他,2019-07-15,2019-07-15,10
130,音楽  ,2019-07-15,2019-07-15,11
131,スポーツ,2019-07-15,2019-07-15,11
132,演劇/芸能,2019-07-15,2019-07-15,11
133,イベント,2019-07-15,2019-07-15,11
134,映画,2019-07-15,2019-07-15,11
135,施設利用券,2019-07-15,2019-07-15,11
136,優待券/割引券,2019-07-15,2019-07-15,11
137,その他,2019-07-15,2019-07-15,11
138,自動車本体,2019-07-15,2019-07-15,12
139,自動車タイヤ/ホイール,2019-07-15,2019-07-15,12
140,自動車パーツ,2019-07-15,2019-07-15,12
141,自動車アクセサリー,2019-07-15,2019-07-15,12
142,オートバイ車体,2019-07-15,2019-07-15,12
143,オートバイパーツ,2019-07-15,2019-07-15,12
144,オートバイアクセサリー,2019-07-15,2019-07-15,12
145,まとめ売り,2019-07-15,2019-07-15,13
146,ペット用品,2019-07-15,2019-07-15,13
147,食品,2019-07-15,2019-07-15,13
148,飲料/酒,2019-07-15,2019-07-15,13
149,日用品/生活雑貨/旅行,2019-07-15,2019-07-15,13
150,アンティーク/コレクション,2019-07-15,2019-07-15,13
151,文房具/事務用品,2019-07-15,2019-07-15,13
152,事務/店舗用品,2019-07-15,2019-07-15,13
153,その他,2019-07-15,2019-07-15,13
154,Tシャツ/カットソー(半袖/袖なし),2019-07-15,2019-07-15,1/14
155,Tシャツ/カットソー(七分/長袖),2019-07-15,2019-07-15,1/14
156,シャツ/ブラウス(半袖/袖なし),2019-07-15,2019-07-15,1/14
157,シャツ/ブラウス(七分/長袖),2019-07-15,2019-07-15,1/14
158,ポロシャツ,2019-07-15,2019-07-15,1/14
159,キャミソール,2019-07-15,2019-07-15,1/14
160,タンクトップ,2019-07-15,2019-07-15,1/14
161,ホルターネック,2019-07-15,2019-07-15,1/14
162,ニット/セーター,2019-07-15,2019-07-15,1/14
163,チュニック,2019-07-15,2019-07-15,1/14
164,カーディガン/ボレロ,2019-07-15,2019-07-15,1/14
165,アンサンブル,2019-07-15,2019-07-15,1/14
166,ベスト/ジレ,2019-07-15,2019-07-15,1/14
167,パーカー,2019-07-15,2019-07-15,1/14
168,トレーナー/スウェット,2019-07-15,2019-07-15,1/14
169,ベアトップ/チューブトップ,2019-07-15,2019-07-15,1/14
170,ジャージ,2019-07-15,2019-07-15,1/14
171,その他,2019-07-15,2019-07-15,1/14
172,テーラードジャケット,2019-07-15,2019-07-15,1/15
173,ノーカラージャケット,2019-07-15,2019-07-15,1/15
174,Gジャン/デニムジャケット,2019-07-15,2019-07-15,1/15
175,レザージャケット,2019-07-15,2019-07-15,1/15
176,ダウンジャケット,2019-07-15,2019-07-15,1/15
177,ライダースジャケット,2019-07-15,2019-07-15,1/15
178,ミリタリージャケット,2019-07-15,2019-07-15,1/15
179,ダウンベスト,2019-07-15,2019-07-15,1/15
180,ジャンパー/ブルゾン,2019-07-15,2019-07-15,1/15
181,ポンチョ,2019-07-15,2019-07-15,1/15
182,ロングコート,2019-07-15,2019-07-15,1/15
183,トレンチコート,2019-07-15,2019-07-15,1/15
184,ダッフルコート,2019-07-15,2019-07-15,1/15
185,ピーコート,2019-07-15,2019-07-15,1/15
186,チェスターコート,2019-07-15,2019-07-15,1/15
187,モッズコート,2019-07-15,2019-07-15,1/15
188,スタジャン,2019-07-15,2019-07-15,1/15
189,毛皮/ファーコート,2019-07-15,2019-07-15,1/15
190,スプリングコート,2019-07-15,2019-07-15,1/15
191,スカジャン,2019-07-15,2019-07-15,1/15
192,その他,2019-07-15,2019-07-15,1/15
193,デニム/ジーンズ,2019-07-15,2019-07-15,1/16
194,ショートパンツ,2019-07-15,2019-07-15,1/16
195,カジュアルパンツ,2019-07-15,2019-07-15,1/16
196,ハーフパンツ,2019-07-15,2019-07-15,1/16
197,チノパン,2019-07-15,2019-07-15,1/16
198,ワークパンツ/カーゴパンツ,2019-07-15,2019-07-15,1/16
199,クロップドパンツ,2019-07-15,2019-07-15,1/16
200,サロペット/オーバーオール,2019-07-15,2019-07-15,1/16
201,オールインワン,2019-07-15,2019-07-15,1/16
202,サルエルパンツ,2019-07-15,2019-07-15,1/16
203,ガウチョパンツ,2019-07-15,2019-07-15,1/16
204,その他,2019-07-15,2019-07-15,1/16
205,ミニスカート,2019-07-15,2019-07-15,1/17
206,ひざ丈スカート,2019-07-15,2019-07-15,1/17
207,ロングスカート,2019-07-15,2019-07-15,1/17
208,キュロット,2019-07-15,2019-07-15,1/17
209,その他,2019-07-15,2019-07-15,1/17
210,ミニワンピース,2019-07-15,2019-07-15,1/18
211,ひざ丈ワンピース,2019-07-15,2019-07-15,1/18
212,ロングワンピース,2019-07-15,2019-07-15,1/18
213,その他,2019-07-15,2019-07-15,1/18
214,ハイヒール/パンプス,2019-07-15,2019-07-15,1/19
215,ブーツ,2019-07-15,2019-07-15,1/19
216,サンダル,2019-07-15,2019-07-15,1/19
217,スニーカー,2019-07-15,2019-07-15,1/19
218,ミュール,2019-07-15,2019-07-15,1/19
219,モカシン,2019-07-15,2019-07-15,1/19
220,ローファー/革靴,2019-07-15,2019-07-15,1/19
221,フラットシューズ/バレエシューズ,2019-07-15,2019-07-15,1/19
222,長靴/レインシューズ,2019-07-15,2019-07-15,1/19
223,その他,2019-07-15,2019-07-15,1/19
224,パジャマ,2019-07-15,2019-07-15,1/20
225,ルームウェア,2019-07-15,2019-07-15,1/20
226,その他,2019-07-15,2019-07-15,1/20
227,ソックス,2019-07-15,2019-07-15,1/21
228,スパッツ/レギンス,2019-07-15,2019-07-15,1/21
229,ストッキング/タイツ,2019-07-15,2019-07-15,1/21
230,レッグウォーマー,2019-07-15,2019-07-15,1/21
231,その他,2019-07-15,2019-07-15,1/21
232,ニットキャップ/ビーニー,2019-07-15,2019-07-15,1/22
233,ハット,2019-07-15,2019-07-15,1/22
234,ハンチング/ベレー帽,2019-07-15,2019-07-15,1/22
235,キャップ,2019-07-15,2019-07-15,1/22
236,キャスケット,2019-07-15,2019-07-15,1/22
237,麦わら帽子,2019-07-15,2019-07-15,1/22
238,その他,2019-07-15,2019-07-15,1/22
239,ハンドバッグ,2019-07-15,2019-07-15,1/23
240,トートバッグ,2019-07-15,2019-07-15,1/23
241,エコバッグ,2019-07-15,2019-07-15,1/23
242,リュック/バックパック,2019-07-15,2019-07-15,1/23
243,ボストンバッグ,2019-07-15,2019-07-15,1/23
244,スポーツバッグ,2019-07-15,2019-07-15,1/23
245,ショルダーバッグ,2019-07-15,2019-07-15,1/23
246,クラッチバッグ,2019-07-15,2019-07-15,1/23
247,ポーチ/バニティ,2019-07-15,2019-07-15,1/23
248,ボディバッグ/ウェストバッグ,2019-07-15,2019-07-15,1/23
249,マザーズバッグ,2019-07-15,2019-07-15,1/23
250,メッセンジャーバッグ,2019-07-15,2019-07-15,1/23
251,ビジネスバッグ,2019-07-15,2019-07-15,1/23
252,旅行用バッグ/キャリーバッグ,2019-07-15,2019-07-15,1/23
253,ショップ袋,2019-07-15,2019-07-15,1/23
254,和装用バッグ,2019-07-15,2019-07-15,1/23
255,かごバッグ,2019-07-15,2019-07-15,1/23
256,その他,2019-07-15,2019-07-15,1/23
257,ネックレス,2019-07-15,2019-07-15,1/24
258,ブレスレット,2019-07-15,2019-07-15,1/24
259,バングル/リストバンド,2019-07-15,2019-07-15,1/24
260,リング,2019-07-15,2019-07-15,1/24
261,ピアス(片耳用),2019-07-15,2019-07-15,1/24
262,ピアス(両耳用),2019-07-15,2019-07-15,1/24
263,イヤリング,2019-07-15,2019-07-15,1/24
264,アンクレット,2019-07-15,2019-07-15,1/24
265,ブローチ/コサージュ,2019-07-15,2019-07-15,1/24
266,チャーム,2019-07-15,2019-07-15,1/24
267,その他,2019-07-15,2019-07-15,1/24
268,ヘアゴム/シュシュ,2019-07-15,2019-07-15,1/25
269,ヘアバンド/カチューシャ,2019-07-15,2019-07-15,1/25
270,ヘアピン,2019-07-15,2019-07-15,1/25
271,その他,2019-07-15,2019-07-15,1/25
272,長財布,2019-07-15,2019-07-15,1/26
273,折り財布,2019-07-15,2019-07-15,1/26
274,コインケース/小銭入れ,2019-07-15,2019-07-15,1/26
275,名刺入れ/定期入れ,2019-07-15,2019-07-15,1/26
276,キーケース,2019-07-15,2019-07-15,1/26
277,キーホルダー,2019-07-15,2019-07-15,1/26
278,手袋/アームカバー,2019-07-15,2019-07-15,1/26
279,ハンカチ,2019-07-15,2019-07-15,1/26
280,ベルト,2019-07-15,2019-07-15,1/26
281,マフラー/ショール,2019-07-15,2019-07-15,1/26
282,ストール/スヌード,2019-07-15,2019-07-15,1/26
283,バンダナ/スカーフ,2019-07-15,2019-07-15,1/26
284,ネックウォーマー,2019-07-15,2019-07-15,1/26
285,サスペンダー,2019-07-15,2019-07-15,1/26
286,サングラス/メガネ,2019-07-15,2019-07-15,1/26
287,モバイルケース/カバー,2019-07-15,2019-07-15,1/26
288,手帳,2019-07-15,2019-07-15,1/26
289,イヤマフラー,2019-07-15,2019-07-15,1/26
290,傘,2019-07-15,2019-07-15,1/26
291,レインコート/ポンチョ,2019-07-15,2019-07-15,1/26
292,ミラー,2019-07-15,2019-07-15,1/26
293,タバコグッズ,2019-07-15,2019-07-15,1/26
294,その他,2019-07-15,2019-07-15,1/26
295,腕時計(アナログ),2019-07-15,2019-07-15,1/27
296,腕時計(デジタル),2019-07-15,2019-07-15,1/27
297,ラバーベルト,2019-07-15,2019-07-15,1/27
298,レザーベルト,2019-07-15,2019-07-15,1/27
299,金属ベルト,2019-07-15,2019-07-15,1/27
300,その他,2019-07-15,2019-07-15,1/27
301,前髪ウィッグ,2019-07-15,2019-07-15,1/28
302,ロングストレート,2019-07-15,2019-07-15,1/28
303,ロングカール,2019-07-15,2019-07-15,1/28
304,ショートストレート,2019-07-15,2019-07-15,1/28
305,ショートカール,2019-07-15,2019-07-15,1/28
306,その他,2019-07-15,2019-07-15,1/28
307,浴衣,2019-07-15,2019-07-15,1/29
308,着物,2019-07-15,2019-07-15,1/29
309,振袖,2019-07-15,2019-07-15,1/29
310,長襦袢/半襦袢,2019-07-15,2019-07-15,1/29
311,水着セパレート,2019-07-15,2019-07-15,1/29
312,水着ワンピース,2019-07-15,2019-07-15,1/29
313,水着スポーツ用,2019-07-15,2019-07-15,1/29
314,その他,2019-07-15,2019-07-15,1/29
315,スカートスーツ上下,2019-07-15,2019-07-15,1/30
316,パンツスーツ上下,2019-07-15,2019-07-15,1/30
317,ドレス,2019-07-15,2019-07-15,1/30
318,パーティーバッグ,2019-07-15,2019-07-15,1/30
319,シューズ,2019-07-15,2019-07-15,1/30
320,ウェディング,2019-07-15,2019-07-15,1/30
321,その他,2019-07-15,2019-07-15,1/30
322,トップス,2019-07-15,2019-07-15,1/31
323,アウター,2019-07-15,2019-07-15,1/31
324,インナー,2019-07-15,2019-07-15,1/31
325,ワンピース,2019-07-15,2019-07-15,1/31
326,パンツ/スパッツ,2019-07-15,2019-07-15,1/31
327,スカート,2019-07-15,2019-07-15,1/31
328,パジャマ,2019-07-15,2019-07-15,1/31
329,授乳服,2019-07-15,2019-07-15,1/31
330,その他,2019-07-15,2019-07-15,1/31
331,コスプレ,2019-07-15,2019-07-15,1/32
332,下着,2019-07-15,2019-07-15,1/32
333,その他,2019-07-15,2019-07-15,1/32
334,Tシャツ/カットソー(半袖/袖なし),2019-07-15,2019-07-15,2/33
335,Tシャツ/カットソー(七分/長袖),2019-07-15,2019-07-15,2/33
336,シャツ,2019-07-15,2019-07-15,2/33
337,ポロシャツ,2019-07-15,2019-07-15,2/33
338,タンクトップ,2019-07-15,2019-07-15,2/33
339,ニット/セーター,2019-07-15,2019-07-15,2/33
340,パーカー,2019-07-15,2019-07-15,2/33
341,カーディガン,2019-07-15,2019-07-15,2/33
342,スウェット,2019-07-15,2019-07-15,2/33
343,ジャージ,2019-07-15,2019-07-15,2/33
344,ベスト,2019-07-15,2019-07-15,2/33
345,その他,2019-07-15,2019-07-15,2/33
346,テーラードジャケット,2019-07-15,2019-07-15,2/34
347,ノーカラージャケット,2019-07-15,2019-07-15,2/34
348,Gジャン/デニムジャケット,2019-07-15,2019-07-15,2/34
349,レザージャケット,2019-07-15,2019-07-15,2/34
350,ダウンジャケット,2019-07-15,2019-07-15,2/34
351,ライダースジャケット,2019-07-15,2019-07-15,2/34
352,ミリタリージャケット,2019-07-15,2019-07-15,2/34
353,ナイロンジャケット,2019-07-15,2019-07-15,2/34
354,フライトジャケット,2019-07-15,2019-07-15,2/34
355,ダッフルコート,2019-07-15,2019-07-15,2/34
356,ピーコート,2019-07-15,2019-07-15,2/34
357,ステンカラーコート,2019-07-15,2019-07-15,2/34
358,トレンチコート,2019-07-15,2019-07-15,2/34
359,モッズコート,2019-07-15,2019-07-15,2/34
360,チェスターコート,2019-07-15,2019-07-15,2/34
361,スタジャン,2019-07-15,2019-07-15,2/34
362,スカジャン,2019-07-15,2019-07-15,2/34
363,ブルゾン,2019-07-15,2019-07-15,2/34
364,マウンテンパーカー,2019-07-15,2019-07-15,2/34
365,ダウンベスト,2019-07-15,2019-07-15,2/34
366,ポンチョ,2019-07-15,2019-07-15,2/34
367,カバーオール,2019-07-15,2019-07-15,2/34
368,その他,2019-07-15,2019-07-15,2/34
369,デニム/ジーンズ,2019-07-15,2019-07-15,2/35
370,ワークパンツ/カーゴパンツ,2019-07-15,2019-07-15,2/35
371,スラックス,2019-07-15,2019-07-15,2/35
372,チノパン,2019-07-15,2019-07-15,2/35
373,ショートパンツ,2019-07-15,2019-07-15,2/35
374,ペインターパンツ,2019-07-15,2019-07-15,2/35
375,サルエルパンツ,2019-07-15,2019-07-15,2/35
376,オーバーオール,2019-07-15,2019-07-15,2/35
377,その他,2019-07-15,2019-07-15,2/35
378,スニーカー,2019-07-15,2019-07-15,2/36
379,サンダル,2019-07-15,2019-07-15,2/36
380,ブーツ,2019-07-15,2019-07-15,2/36
381,モカシン,2019-07-15,2019-07-15,2/36
382,ドレス/ビジネス,2019-07-15,2019-07-15,2/36
383,長靴/レインシューズ,2019-07-15,2019-07-15,2/36
384,デッキシューズ,2019-07-15,2019-07-15,2/36
385,その他,2019-07-15,2019-07-15,2/36
386,ショルダーバッグ,2019-07-15,2019-07-15,2/37
387,トートバッグ,2019-07-15,2019-07-15,2/37
388,ボストンバッグ,2019-07-15,2019-07-15,2/37
389,リュック/バックパック,2019-07-15,2019-07-15,2/37
390,ウエストポーチ,2019-07-15,2019-07-15,2/37
391,ボディーバッグ,2019-07-15,2019-07-15,2/37
392,ドラムバッグ,2019-07-15,2019-07-15,2/37
393,ビジネスバッグ,2019-07-15,2019-07-15,2/37
394,トラベルバッグ,2019-07-15,2019-07-15,2/37
395,メッセンジャーバッグ,2019-07-15,2019-07-15,2/37
396,エコバッグ,2019-07-15,2019-07-15,2/37
397,その他,2019-07-15,2019-07-15,2/37
398,スーツジャケット,2019-07-15,2019-07-15,2/38
399,スーツベスト,2019-07-15,2019-07-15,2/38
400,スラックス,2019-07-15,2019-07-15,2/38
401,セットアップ,2019-07-15,2019-07-15,2/38
402,その他,2019-07-15,2019-07-15,2/38
403,キャップ,2019-07-15,2019-07-15,2/39
404,ハット,2019-07-15,2019-07-15,2/39
405,ニットキャップ/ビーニー,2019-07-15,2019-07-15,2/39
406,ハンチング/ベレー帽,2019-07-15,2019-07-15,2/39
407,キャスケット,2019-07-15,2019-07-15,2/39
408,サンバイザー,2019-07-15,2019-07-15,2/39
409,その他,2019-07-15,2019-07-15,2/39
410,ネックレス,2019-07-15,2019-07-15,2/40
411,ブレスレット,2019-07-15,2019-07-15,2/40
412,バングル/リストバンド,2019-07-15,2019-07-15,2/40
413,リング,2019-07-15,2019-07-15,2/40
414,ピアス(片耳用),2019-07-15,2019-07-15,2/40
415,ピアス(両耳用),2019-07-15,2019-07-15,2/40
416,アンクレット,2019-07-15,2019-07-15,2/40
417,その他,2019-07-15,2019-07-15,2/40
418,長財布,2019-07-15,2019-07-15,2/41
419,折り財布,2019-07-15,2019-07-15,2/41
420,マネークリップ,2019-07-15,2019-07-15,2/41
421,コインケース/小銭入れ,2019-07-15,2019-07-15,2/41
422,名刺入れ/定期入れ,2019-07-15,2019-07-15,2/41
423,キーケース,2019-07-15,2019-07-15,2/41
424,キーホルダー,2019-07-15,2019-07-15,2/41
425,ネクタイ,2019-07-15,2019-07-15,2/41
426,手袋,2019-07-15,2019-07-15,2/41
427,ハンカチ,2019-07-15,2019-07-15,2/41
428,ベルト,2019-07-15,2019-07-15,2/41
429,マフラー,2019-07-15,2019-07-15,2/41
430,ストール,2019-07-15,2019-07-15,2/41
431,バンダナ,2019-07-15,2019-07-15,2/41
432,ネックウォーマー,2019-07-15,2019-07-15,2/41
433,サスペンダー,2019-07-15,2019-07-15,2/41
434,ウォレットチェーン,2019-07-15,2019-07-15,2/41
435,サングラス/メガネ,2019-07-15,2019-07-15,2/41
436,モバイルケース/カバー,2019-07-15,2019-07-15,2/41
437,手帳,2019-07-15,2019-07-15,2/41
438,ストラップ,2019-07-15,2019-07-15,2/41
439,ネクタイピン,2019-07-15,2019-07-15,2/41
440,カフリンクス,2019-07-15,2019-07-15,2/41
441,イヤマフラー,2019-07-15,2019-07-15,2/41
442,傘,2019-07-15,2019-07-15,2/41
443,レインコート,2019-07-15,2019-07-15,2/41
444,ミラー,2019-07-15,2019-07-15,2/41
445,タバコグッズ,2019-07-15,2019-07-15,2/41
446,その他,2019-07-15,2019-07-15,2/41
447,腕時計(アナログ),2019-07-15,2019-07-15,2/42
448,腕時計(デジタル),2019-07-15,2019-07-15,2/42
449,ラバーベルト,2019-07-15,2019-07-15,2/42
450,レザーベルト,2019-07-15,2019-07-15,2/42
451,金属ベルト,2019-07-15,2019-07-15,2/42
452,その他,2019-07-15,2019-07-15,2/42
453,一般水着,2019-07-15,2019-07-15,2/43
454,スポーツ用,2019-07-15,2019-07-15,2/43
455,アクセサリー,2019-07-15,2019-07-15,2/43
456,その他,2019-07-15,2019-07-15,2/43
457,ソックス,2019-07-15,2019-07-15,2/44
458,レギンス/スパッツ,2019-07-15,2019-07-15,2/44
459,レッグウォーマー,2019-07-15,2019-07-15,2/44
460,その他,2019-07-15,2019-07-15,2/44
461,トランクス,2019-07-15,2019-07-15,2/45
462,ボクサーパンツ,2019-07-15,2019-07-15,2/45
463,その他,2019-07-15,2019-07-15,2/45
464,その他,2019-07-15,2019-07-15,2/46
465,トップス,2019-07-15,2019-07-15,3/47
466,アウター,2019-07-15,2019-07-15,3/47
467,パンツ,2019-07-15,2019-07-15,3/47
468,スカート,2019-07-15,2019-07-15,3/47
469,ワンピース,2019-07-15,2019-07-15,3/47
470,ベビードレス,2019-07-15,2019-07-15,3/47
471,おくるみ,2019-07-15,2019-07-15,3/47
472,下着/肌着,2019-07-15,2019-07-15,3/47
473,パジャマ,2019-07-15,2019-07-15,3/47
474,ロンパース,2019-07-15,2019-07-15,3/47
475,その他,2019-07-15,2019-07-15,3/47
476,トップス,2019-07-15,2019-07-15,3/48
477,アウター,2019-07-15,2019-07-15,3/48
478,パンツ,2019-07-15,2019-07-15,3/48
479,おくるみ,2019-07-15,2019-07-15,3/48
480,下着/肌着,2019-07-15,2019-07-15,3/48
481,パジャマ,2019-07-15,2019-07-15,3/48
482,ロンパース,2019-07-15,2019-07-15,3/48
483,その他,2019-07-15,2019-07-15,3/48
484,トップス,2019-07-15,2019-07-15,3/49
485,アウター,2019-07-15,2019-07-15,3/49
486,パンツ,2019-07-15,2019-07-15,3/49
487,おくるみ,2019-07-15,2019-07-15,3/49
488,下着/肌着,2019-07-15,2019-07-15,3/49
489,パジャマ,2019-07-15,2019-07-15,3/49
490,ロンパース,2019-07-15,2019-07-15,3/49
491,その他,2019-07-15,2019-07-15,3/49
492,コート,2019-07-15,2019-07-15,3/50
493,ジャケット/上着,2019-07-15,2019-07-15,3/50
494,トップス(Tシャツ/カットソー),2019-07-15,2019-07-15,3/50
495,トップス(トレーナー),2019-07-15,2019-07-15,3/50
496,トップス(チュニック),2019-07-15,2019-07-15,3/50
497,トップス(タンクトップ),2019-07-15,2019-07-15,3/50
498,トップス(その他),2019-07-15,2019-07-15,3/50
499,スカート,2019-07-15,2019-07-15,3/50
500,パンツ,2019-07-15,2019-07-15,3/50
501,ワンピース,2019-07-15,2019-07-15,3/50
502,セットアップ,2019-07-15,2019-07-15,3/50
503,パジャマ,2019-07-15,2019-07-15,3/50
504,フォーマル/ドレス,2019-07-15,2019-07-15,3/50
505,和服,2019-07-15,2019-07-15,3/50
506,浴衣,2019-07-15,2019-07-15,3/50
507,甚平,2019-07-15,2019-07-15,3/50
508,水着,2019-07-15,2019-07-15,3/50
509,その他,2019-07-15,2019-07-15,3/50
510,コート,2019-07-15,2019-07-15,3/51
511,ジャケット/上着,2019-07-15,2019-07-15,3/51
512,トップス(Tシャツ/カットソー),2019-07-15,2019-07-15,3/51
513,トップス(トレーナー),2019-07-15,2019-07-15,3/51
514,トップス(その他),2019-07-15,2019-07-15,3/51
515,パンツ,2019-07-15,2019-07-15,3/51
516,セットアップ,2019-07-15,2019-07-15,3/51
517,パジャマ,2019-07-15,2019-07-15,3/51
518,フォーマル/ドレス,2019-07-15,2019-07-15,3/51
519,和服,2019-07-15,2019-07-15,3/51
520,浴衣,2019-07-15,2019-07-15,3/51
521,甚平,2019-07-15,2019-07-15,3/51
522,水着,2019-07-15,2019-07-15,3/51
523,その他,2019-07-15,2019-07-15,3/51
524,コート,2019-07-15,2019-07-15,3/52
525,ジャケット/上着,2019-07-15,2019-07-15,3/52
526,トップス(Tシャツ/カットソー),2019-07-15,2019-07-15,3/52
527,トップス(トレーナー),2019-07-15,2019-07-15,3/52
528,トップス(その他),2019-07-15,2019-07-15,3/52
529,ボトムス,2019-07-15,2019-07-15,3/52
530,パジャマ,2019-07-15,2019-07-15,3/52
531,その他,2019-07-15,2019-07-15,3/52
532,スニーカー,2019-07-15,2019-07-15,3/53
533,サンダル,2019-07-15,2019-07-15,3/53
534,ブーツ,2019-07-15,2019-07-15,3/53
535,長靴,2019-07-15,2019-07-15,3/53
536,その他,2019-07-15,2019-07-15,3/53
537,靴下/スパッツ,2019-07-15,2019-07-15,3/54
538,帽子,2019-07-15,2019-07-15,3/54
539,エプロン,2019-07-15,2019-07-15,3/54
540,サスペンダー,2019-07-15,2019-07-15,3/54
541,タイツ,2019-07-15,2019-07-15,3/54
542,ハンカチ,2019-07-15,2019-07-15,3/54
543,バンダナ,2019-07-15,2019-07-15,3/54
544,ベルト,2019-07-15,2019-07-15,3/54
545,マフラー,2019-07-15,2019-07-15,3/54
546,傘,2019-07-15,2019-07-15,3/54
547,手袋,2019-07-15,2019-07-15,3/54
548,スタイ,2019-07-15,2019-07-15,3/54
549,バッグ,2019-07-15,2019-07-15,3/54
550,その他,2019-07-15,2019-07-15,3/54
551,おむつ用品,2019-07-15,2019-07-15,3/55
552,おまる/補助便座,2019-07-15,2019-07-15,3/55
553,トレーニングパンツ,2019-07-15,2019-07-15,3/55
554,ベビーバス,2019-07-15,2019-07-15,3/55
555,お風呂用品,2019-07-15,2019-07-15,3/55
556,その他,2019-07-15,2019-07-15,3/55
557,ベビーカー,2019-07-15,2019-07-15,3/56
558,抱っこひも/スリング,2019-07-15,2019-07-15,3/56
559,チャイルドシート,2019-07-15,2019-07-15,3/56
560,その他,2019-07-15,2019-07-15,3/56
561,ミルク,2019-07-15,2019-07-15,3/57
562,ベビーフード,2019-07-15,2019-07-15,3/57
563,ベビー用食器,2019-07-15,2019-07-15,3/57
564,その他,2019-07-15,2019-07-15,3/57
565,ベッド,2019-07-15,2019-07-15,3/58
566,布団/毛布,2019-07-15,2019-07-15,3/58
567,イス,2019-07-15,2019-07-15,3/58
568,たんす,2019-07-15,2019-07-15,3/58
569,その他,2019-07-15,2019-07-15,3/58
570,おふろのおもちゃ,2019-07-15,2019-07-15,3/59
571,がらがら,2019-07-15,2019-07-15,3/59
572,オルゴール,2019-07-15,2019-07-15,3/59
573,ベビージム,2019-07-15,2019-07-15,3/59
574,手押し車/カタカタ,2019-07-15,2019-07-15,3/59
575,知育玩具,2019-07-15,2019-07-15,3/59
576,その他,2019-07-15,2019-07-15,3/59
577,お宮参り用品,2019-07-15,2019-07-15,3/60
578,お食い初め用品,2019-07-15,2019-07-15,3/60
579,アルバム,2019-07-15,2019-07-15,3/60
580,手形/足形,2019-07-15,2019-07-15,3/60
581,その他,2019-07-15,2019-07-15,3/60
582,母子手帳用品,2019-07-15,2019-07-15,3/61
583,その他,2019-07-15,2019-07-15,3/61
584,食器,2019-07-15,2019-07-15,4/62
585,調理器具,2019-07-15,2019-07-15,4/62
586,収納/キッチン雑貨,2019-07-15,2019-07-15,4/62
587,弁当用品,2019-07-15,2019-07-15,4/62
588,カトラリー(スプーン等),2019-07-15,2019-07-15,4/62
589,テーブル用品,2019-07-15,2019-07-15,4/62
590,容器,2019-07-15,2019-07-15,4/62
591,エプロン,2019-07-15,2019-07-15,4/62
592,アルコールグッズ,2019-07-15,2019-07-15,4/62
593,浄水機,2019-07-15,2019-07-15,4/62
594,その他,2019-07-15,2019-07-15,4/62
595,セミシングルベッド,2019-07-15,2019-07-15,4/63
596,シングルベッド,2019-07-15,2019-07-15,4/63
597,セミダブルベッド,2019-07-15,2019-07-15,4/63
598,ダブルベッド,2019-07-15,2019-07-15,4/63
599,ワイドダブルベッド,2019-07-15,2019-07-15,4/63
600,クイーンベッド,2019-07-15,2019-07-15,4/63
601,キングベッド,2019-07-15,2019-07-15,4/63
602,脚付きマットレスベッド,2019-07-15,2019-07-15,4/63
603,マットレス,2019-07-15,2019-07-15,4/63
604,すのこベッド,2019-07-15,2019-07-15,4/63
605,ロフトベッド/システムベッド,2019-07-15,2019-07-15,4/63
606,簡易ベッド/折りたたみベッド,2019-07-15,2019-07-15,4/63
607,収納付き,2019-07-15,2019-07-15,4/63
608,その他,2019-07-15,2019-07-15,4/63
609,ソファセット,2019-07-15,2019-07-15,4/64
610,シングルソファ,2019-07-15,2019-07-15,4/64
611,ラブソファ,2019-07-15,2019-07-15,4/64
612,トリプルソファ,2019-07-15,2019-07-15,4/64
613,オットマン,2019-07-15,2019-07-15,4/64
614,コーナーソファ,2019-07-15,2019-07-15,4/64
615,ビーズソファ/クッションソファ,2019-07-15,2019-07-15,4/64
616,ローソファ/フロアソファ,2019-07-15,2019-07-15,4/64
617,ソファベッド,2019-07-15,2019-07-15,4/64
618,応接セット,2019-07-15,2019-07-15,4/64
619,ソファカバー,2019-07-15,2019-07-15,4/64
620,リクライニングソファ,2019-07-15,2019-07-15,4/64
621,その他,2019-07-15,2019-07-15,4/64
622,一般,2019-07-15,2019-07-15,4/65
623,スツール,2019-07-15,2019-07-15,4/65
624,ダイニングチェア,2019-07-15,2019-07-15,4/65
625,ハイバックチェア,2019-07-15,2019-07-15,4/65
626,ロッキングチェア,2019-07-15,2019-07-15,4/65
627,座椅子,2019-07-15,2019-07-15,4/65
628,折り畳みイス,2019-07-15,2019-07-15,4/65
629,デスクチェア,2019-07-15,2019-07-15,4/65
630,その他,2019-07-15,2019-07-15,4/65
631,こたつ,2019-07-15,2019-07-15,4/66
632,カウンターテーブル,2019-07-15,2019-07-15,4/66
633,サイドテーブル,2019-07-15,2019-07-15,4/66
634,センターテーブル,2019-07-15,2019-07-15,4/66
635,ダイニングテーブル,2019-07-15,2019-07-15,4/66
636,座卓/ちゃぶ台,2019-07-15,2019-07-15,4/66
637,アウトドア用,2019-07-15,2019-07-15,4/66
638,パソコン用,2019-07-15,2019-07-15,4/66
639,事務机/学習机,2019-07-15,2019-07-15,4/66
640,その他,2019-07-15,2019-07-15,4/66
641,リビング収納,2019-07-15,2019-07-15,4/67
642,キッチン収納,2019-07-15,2019-07-15,4/67
643,玄関/屋外収納,2019-07-15,2019-07-15,4/67
644,バス/トイレ収納,2019-07-15,2019-07-15,4/67
645,本収納,2019-07-15,2019-07-15,4/67
646,本/CD/DVD収納,2019-07-15,2019-07-15,4/67
647,洋服タンス/押入れ収納,2019-07-15,2019-07-15,4/67
648,電話台/ファックス台,2019-07-15,2019-07-15,4/67
649,ドレッサー/鏡台,2019-07-15,2019-07-15,4/67
650,棚/ラック,2019-07-15,2019-07-15,4/67
651,ケース/ボックス,2019-07-15,2019-07-15,4/67
652,その他,2019-07-15,2019-07-15,4/67
653,ラグ,2019-07-15,2019-07-15,4/68
654,カーペット,2019-07-15,2019-07-15,4/68
655,ホットカーペット,2019-07-15,2019-07-15,4/68
656,玄関/キッチンマット,2019-07-15,2019-07-15,4/68
657,トイレ/バスマット,2019-07-15,2019-07-15,4/68
658,その他,2019-07-15,2019-07-15,4/68
659,カーテン,2019-07-15,2019-07-15,4/69
660,ブラインド,2019-07-15,2019-07-15,4/69
661,ロールスクリーン,2019-07-15,2019-07-15,4/69
662,のれん,2019-07-15,2019-07-15,4/69
663,その他,2019-07-15,2019-07-15,4/69
664,蛍光灯/電球,2019-07-15,2019-07-15,4/70
665,天井照明,2019-07-15,2019-07-15,4/70
666,フロアスタンド,2019-07-15,2019-07-15,4/70
667,その他,2019-07-15,2019-07-15,4/70
668,布団/毛布,2019-07-15,2019-07-15,4/71
669,枕,2019-07-15,2019-07-15,4/71
670,シーツ/カバー,2019-07-15,2019-07-15,4/71
671,その他,2019-07-15,2019-07-15,4/71
672,ごみ箱,2019-07-15,2019-07-15,4/72
673,ウェルカムボード,2019-07-15,2019-07-15,4/72
674,オルゴール,2019-07-15,2019-07-15,4/72
675,クッション,2019-07-15,2019-07-15,4/72
676,クッションカバー,2019-07-15,2019-07-15,4/72
677,スリッパラック,2019-07-15,2019-07-15,4/72
678,ティッシュボックス,2019-07-15,2019-07-15,4/72
679,バスケット/かご,2019-07-15,2019-07-15,4/72
680,フォトフレーム,2019-07-15,2019-07-15,4/72
681,マガジンラック,2019-07-15,2019-07-15,4/72
682,モビール,2019-07-15,2019-07-15,4/72
683,花瓶,2019-07-15,2019-07-15,4/72
684,灰皿,2019-07-15,2019-07-15,4/72
685,傘立て,2019-07-15,2019-07-15,4/72
686,小物入れ,2019-07-15,2019-07-15,4/72
687,置時計,2019-07-15,2019-07-15,4/72
688,掛時計/柱時計,2019-07-15,2019-07-15,4/72
689,鏡(立て掛け式),2019-07-15,2019-07-15,4/72
690,鏡(壁掛け式),2019-07-15,2019-07-15,4/72
691,置物,2019-07-15,2019-07-15,4/72
692,風鈴,2019-07-15,2019-07-15,4/72
693,植物/観葉植物,2019-07-15,2019-07-15,4/72
694,その他,2019-07-15,2019-07-15,4/72
695,正月,2019-07-15,2019-07-15,4/73
696,成人式,2019-07-15,2019-07-15,4/73
697,バレンタインデー,2019-07-15,2019-07-15,4/73
698,ひな祭り,2019-07-15,2019-07-15,4/73
699,子どもの日,2019-07-15,2019-07-15,4/73
700,母の日,2019-07-15,2019-07-15,4/73
701,父の日,2019-07-15,2019-07-15,4/73
702,サマーギフト/お中元,2019-07-15,2019-07-15,4/73
703,夏/夏休み,2019-07-15,2019-07-15,4/73
704,ハロウィン,2019-07-15,2019-07-15,4/73
705,敬老の日,2019-07-15,2019-07-15,4/73
706,七五三,2019-07-15,2019-07-15,4/73
707,お歳暮,2019-07-15,2019-07-15,4/73
708,クリスマス,2019-07-15,2019-07-15,4/73
709,冬一般,2019-07-15,2019-07-15,4/73
710,その他,2019-07-15,2019-07-15,4/73
711,その他,2019-07-15,2019-07-15,4/74
712,文学/小説,2019-07-15,2019-07-15,5/75
713,人文/社会,2019-07-15,2019-07-15,5/75
714,ノンフィクション/教養,2019-07-15,2019-07-15,5/75
715,地図/旅行ガイド,2019-07-15,2019-07-15,5/75
716,ビジネス/経済,2019-07-15,2019-07-15,5/75
717,健康/医学,2019-07-15,2019-07-15,5/75
718,コンピュータ/IT,2019-07-15,2019-07-15,5/75
719,趣味/スポーツ/実用,2019-07-15,2019-07-15,5/75
720,住まい/暮らし/子育て,2019-07-15,2019-07-15,5/75
721,アート/エンタメ,2019-07-15,2019-07-15,5/75
722,洋書,2019-07-15,2019-07-15,5/75
723,絵本,2019-07-15,2019-07-15,5/75
724,参考書,2019-07-15,2019-07-15,5/75
725,その他,2019-07-15,2019-07-15,5/75
726,全巻セット,2019-07-15,2019-07-15,5/76
727,少年漫画,2019-07-15,2019-07-15,5/76
728,少女漫画,2019-07-15,2019-07-15,5/76
729,青年漫画,2019-07-15,2019-07-15,5/76
730,女性漫画,2019-07-15,2019-07-15,5/76
731,同人誌,2019-07-15,2019-07-15,5/76
732,その他,2019-07-15,2019-07-15,5/76
733,アート/エンタメ/ホビー,2019-07-15,2019-07-15,5/77
734,ファッション,2019-07-15,2019-07-15,5/77
735,ニュース/総合,2019-07-15,2019-07-15,5/77
736,趣味/スポーツ,2019-07-15,2019-07-15,5/77
737,その他,2019-07-15,2019-07-15,5/77
738,邦楽,2019-07-15,2019-07-15,5/78
739,洋楽,2019-07-15,2019-07-15,5/78
740,アニメ,2019-07-15,2019-07-15,5/78
741,クラシック,2019-07-15,2019-07-15,5/78
742,K-POP/アジア,2019-07-15,2019-07-15,5/78
743,キッズ/ファミリー,2019-07-15,2019-07-15,5/78
744,その他,2019-07-15,2019-07-15,5/78
745,外国映画,2019-07-15,2019-07-15,5/79
746,日本映画,2019-07-15,2019-07-15,5/79
747,アニメ,2019-07-15,2019-07-15,5/79
748,TVドラマ,2019-07-15,2019-07-15,5/79
749,ミュージック,2019-07-15,2019-07-15,5/79
750,お笑い/バラエティ,2019-07-15,2019-07-15,5/79
751,スポーツ/フィットネス,2019-07-15,2019-07-15,5/79
752,キッズ/ファミリー,2019-07-15,2019-07-15,5/79
753,その他,2019-07-15,2019-07-15,5/79
754,邦楽,2019-07-15,2019-07-15,5/80
755,洋楽,2019-07-15,2019-07-15,5/80
756,その他,2019-07-15,2019-07-15,5/80
757,家庭用ゲーム本体,2019-07-15,2019-07-15,5/81
758,家庭用ゲームソフト,2019-07-15,2019-07-15,5/81
759,携帯用ゲーム本体,2019-07-15,2019-07-15,5/81
760,携帯用ゲームソフト,2019-07-15,2019-07-15,5/81
761,PCゲーム,2019-07-15,2019-07-15,5/81
762,その他,2019-07-15,2019-07-15,5/81
763,キャラクターグッズ,2019-07-15,2019-07-15,6/82
764,ぬいぐるみ,2019-07-15,2019-07-15,6/82
765,小物/アクセサリー,2019-07-15,2019-07-15,6/82
766,模型/プラモデル,2019-07-15,2019-07-15,6/82
767,ミニカー,2019-07-15,2019-07-15,6/82
768,トイラジコン,2019-07-15,2019-07-15,6/82
769,プラモデル,2019-07-15,2019-07-15,6/82
770,ホビーラジコン,2019-07-15,2019-07-15,6/82
771,鉄道模型,2019-07-15,2019-07-15,6/82
772,その他,2019-07-15,2019-07-15,6/82
773,アイドル,2019-07-15,2019-07-15,6/83
774,ミュージシャン,2019-07-15,2019-07-15,6/83
775,タレント/お笑い芸人,2019-07-15,2019-07-15,6/83
776,スポーツ選手,2019-07-15,2019-07-15,6/83
777,その他,2019-07-15,2019-07-15,6/83
778,ストラップ,2019-07-15,2019-07-15,6/84
779,キーホルダー,2019-07-15,2019-07-15,6/84
780,バッジ,2019-07-15,2019-07-15,6/84
781,カード,2019-07-15,2019-07-15,6/84
782,クリアファイル,2019-07-15,2019-07-15,6/84
783,ポスター,2019-07-15,2019-07-15,6/84
784,タオル,2019-07-15,2019-07-15,6/84
785,その他,2019-07-15,2019-07-15,6/84
786,遊戯王,2019-07-15,2019-07-15,6/85
787,マジック：ザ・ギャザリング,2019-07-15,2019-07-15,6/85
788,ポケモンカードゲーム,2019-07-15,2019-07-15,6/85
789,デュエルマスターズ,2019-07-15,2019-07-15,6/85
790,バトルスピリッツ,2019-07-15,2019-07-15,6/85
791,プリパラ,2019-07-15,2019-07-15,6/85
792,アイカツ,2019-07-15,2019-07-15,6/85
793,カードファイト!!ヴァンガード,2019-07-15,2019-07-15,6/85
794,ヴァイスシュヴァルツ,2019-07-15,2019-07-15,6/85
795,プロ野球オーナーズリーグ,2019-07-15,2019-07-15,6/85
796,ベースボールヒーローズ,2019-07-15,2019-07-15,6/85
797,ドラゴンボール,2019-07-15,2019-07-15,6/85
798,スリーブ,2019-07-15,2019-07-15,6/85
799,その他,2019-07-15,2019-07-15,6/85
800,コミック/アニメ,2019-07-15,2019-07-15,6/86
801,特撮,2019-07-15,2019-07-15,6/86
802,ゲームキャラクター,2019-07-15,2019-07-15,6/86
803,SF/ファンタジー/ホラー,2019-07-15,2019-07-15,6/86
804,アメコミ,2019-07-15,2019-07-15,6/86
805,スポーツ,2019-07-15,2019-07-15,6/86
806,ミリタリー,2019-07-15,2019-07-15,6/86
807,その他,2019-07-15,2019-07-15,6/86
808,エレキギター,2019-07-15,2019-07-15,6/87
809,アコースティックギター,2019-07-15,2019-07-15,6/87
810,ベース,2019-07-15,2019-07-15,6/87
811,エフェクター,2019-07-15,2019-07-15,6/87
812,アンプ,2019-07-15,2019-07-15,6/87
813,弦楽器,2019-07-15,2019-07-15,6/87
814,管楽器,2019-07-15,2019-07-15,6/87
815,鍵盤楽器,2019-07-15,2019-07-15,6/87
816,打楽器,2019-07-15,2019-07-15,6/87
817,和楽器,2019-07-15,2019-07-15,6/87
818,楽譜/スコア,2019-07-15,2019-07-15,6/87
819,レコーディング/PA機器,2019-07-15,2019-07-15,6/87
820,DJ機器,2019-07-15,2019-07-15,6/87
821,DTM/DAW,2019-07-15,2019-07-15,6/87
822,その他,2019-07-15,2019-07-15,6/87
823,武具,2019-07-15,2019-07-15,6/88
824,使用済切手/官製はがき,2019-07-15,2019-07-15,6/88
825,旧貨幣/金貨/銀貨/記念硬貨,2019-07-15,2019-07-15,6/88
826,印刷物,2019-07-15,2019-07-15,6/88
827,ノベルティグッズ,2019-07-15,2019-07-15,6/88
828,その他,2019-07-15,2019-07-15,6/88
829,トイガン,2019-07-15,2019-07-15,6/89
830,個人装備,2019-07-15,2019-07-15,6/89
831,その他,2019-07-15,2019-07-15,6/89
832,陶芸,2019-07-15,2019-07-15,6/90
833,ガラス,2019-07-15,2019-07-15,6/90
834,漆芸,2019-07-15,2019-07-15,6/90
835,金属工芸,2019-07-15,2019-07-15,6/90
836,絵画/タペストリ,2019-07-15,2019-07-15,6/90
837,版画,2019-07-15,2019-07-15,6/90
838,彫刻/オブジェクト,2019-07-15,2019-07-15,6/90
839,書,2019-07-15,2019-07-15,6/90
840,写真,2019-07-15,2019-07-15,6/90
841,その他,2019-07-15,2019-07-15,6/90
842,画材,2019-07-15,2019-07-15,6/91
843,額縁,2019-07-15,2019-07-15,6/91
844,その他,2019-07-15,2019-07-15,6/91
845,トランプ/UNO,2019-07-15,2019-07-15,6/92
846,カルタ/百人一首,2019-07-15,2019-07-15,6/92
847,ダーツ,2019-07-15,2019-07-15,6/92
848,ビリヤード,2019-07-15,2019-07-15,6/92
849,麻雀,2019-07-15,2019-07-15,6/92
850,パズル/ジグソーパズル,2019-07-15,2019-07-15,6/92
851,囲碁/将棋,2019-07-15,2019-07-15,6/92
852,オセロ/チェス,2019-07-15,2019-07-15,6/92
853,人生ゲーム,2019-07-15,2019-07-15,6/92
854,野球/サッカーゲーム,2019-07-15,2019-07-15,6/92
855,スポーツ,2019-07-15,2019-07-15,6/92
856,三輪車/乗り物,2019-07-15,2019-07-15,6/92
857,ヨーヨー,2019-07-15,2019-07-15,6/92
858,模型製作用品,2019-07-15,2019-07-15,6/92
859,鉄道,2019-07-15,2019-07-15,6/92
860,航空機,2019-07-15,2019-07-15,6/92
861,アマチュア無線,2019-07-15,2019-07-15,6/92
862,パチンコ/パチスロ,2019-07-15,2019-07-15,6/92
863,その他,2019-07-15,2019-07-15,6/92
864,ファンデーション,2019-07-15,2019-07-15,7/93
865,化粧下地,2019-07-15,2019-07-15,7/93
866,コントロールカラー,2019-07-15,2019-07-15,7/93
867,BBクリーム,2019-07-15,2019-07-15,7/93
868,CCクリーム,2019-07-15,2019-07-15,7/93
869,コンシーラー,2019-07-15,2019-07-15,7/93
870,フェイスパウダー,2019-07-15,2019-07-15,7/93
871,トライアルセット/サンプル,2019-07-15,2019-07-15,7/93
872,その他,2019-07-15,2019-07-15,7/93
873,アイシャドウ,2019-07-15,2019-07-15,7/94
874,口紅,2019-07-15,2019-07-15,7/94
875,リップグロス,2019-07-15,2019-07-15,7/94
876,リップライナー,2019-07-15,2019-07-15,7/94
877,チーク,2019-07-15,2019-07-15,7/94
878,フェイスカラー,2019-07-15,2019-07-15,7/94
879,マスカラ,2019-07-15,2019-07-15,7/94
880,アイライナー,2019-07-15,2019-07-15,7/94
881,つけまつげ,2019-07-15,2019-07-15,7/94
882,アイブロウペンシル,2019-07-15,2019-07-15,7/94
883,パウダーアイブロウ,2019-07-15,2019-07-15,7/94
884,眉マスカラ,2019-07-15,2019-07-15,7/94
885,トライアルセット/サンプル,2019-07-15,2019-07-15,7/94
886,メイク道具/化粧小物,2019-07-15,2019-07-15,7/94
887,美顔用品/美顔ローラー,2019-07-15,2019-07-15,7/94
888,その他,2019-07-15,2019-07-15,7/94
889,ネイルカラー,2019-07-15,2019-07-15,7/95
890,カラージェル,2019-07-15,2019-07-15,7/95
891,ネイルベースコート/トップコート,2019-07-15,2019-07-15,7/95
892,ネイルアート用品,2019-07-15,2019-07-15,7/95
893,ネイルパーツ,2019-07-15,2019-07-15,7/95
894,ネイルチップ/付け爪,2019-07-15,2019-07-15,7/95
895,手入れ用具,2019-07-15,2019-07-15,7/95
896,除光液,2019-07-15,2019-07-15,7/95
897,その他,2019-07-15,2019-07-15,7/95
898,香水(女性用),2019-07-15,2019-07-15,7/96
899,香水(男性用),2019-07-15,2019-07-15,7/96
900,ユニセックス,2019-07-15,2019-07-15,7/96
901,ボディミスト,2019-07-15,2019-07-15,7/96
902,その他,2019-07-15,2019-07-15,7/96
903,化粧水/ローション,2019-07-15,2019-07-15,7/97
904,乳液/ミルク,2019-07-15,2019-07-15,7/97
905,美容液,2019-07-15,2019-07-15,7/97
906,フェイスクリーム,2019-07-15,2019-07-15,7/97
907,洗顔料,2019-07-15,2019-07-15,7/97
908,クレンジング/メイク落とし,2019-07-15,2019-07-15,7/97
909,パック/フェイスマスク,2019-07-15,2019-07-15,7/97
910,ジェル/ゲル,2019-07-15,2019-07-15,7/97
911,ブースター/導入液,2019-07-15,2019-07-15,7/97
912,アイケア,2019-07-15,2019-07-15,7/97
913,リップケア,2019-07-15,2019-07-15,7/97
914,トライアルセット/サンプル,2019-07-15,2019-07-15,7/97
915,洗顔グッズ,2019-07-15,2019-07-15,7/97
916,その他,2019-07-15,2019-07-15,7/97
917,シャンプー,2019-07-15,2019-07-15,7/98
918,トリートメント,2019-07-15,2019-07-15,7/98
919,コンディショナー,2019-07-15,2019-07-15,7/98
920,リンス,2019-07-15,2019-07-15,7/98
921,スタイリング剤,2019-07-15,2019-07-15,7/98
922,カラーリング剤,2019-07-15,2019-07-15,7/98
923,ブラシ,2019-07-15,2019-07-15,7/98
924,その他,2019-07-15,2019-07-15,7/98
925,オイル/クリーム,2019-07-15,2019-07-15,7/99
926,ハンドクリーム,2019-07-15,2019-07-15,7/99
927,ローション,2019-07-15,2019-07-15,7/99
928,日焼け止め/サンオイル,2019-07-15,2019-07-15,7/99
929,ボディソープ,2019-07-15,2019-07-15,7/99
930,入浴剤,2019-07-15,2019-07-15,7/99
931,制汗/デオドラント,2019-07-15,2019-07-15,7/99
932,フットケア,2019-07-15,2019-07-15,7/99
933,その他,2019-07-15,2019-07-15,7/99
934,口臭防止/エチケット用品,2019-07-15,2019-07-15,7/100
935,歯ブラシ,2019-07-15,2019-07-15,7/100
936,その他,2019-07-15,2019-07-15,7/100
937,エッセンシャルオイル,2019-07-15,2019-07-15,7/101
938,芳香器,2019-07-15,2019-07-15,7/101
939,お香/香炉,2019-07-15,2019-07-15,7/101
940,キャンドル,2019-07-15,2019-07-15,7/101
941,リラクゼーショングッズ,2019-07-15,2019-07-15,7/101
942,その他,2019-07-15,2019-07-15,7/101
943,ダイエット食品,2019-07-15,2019-07-15,7/102
944,エクササイズ用品,2019-07-15,2019-07-15,7/102
945,体重計,2019-07-15,2019-07-15,7/102
946,体脂肪計,2019-07-15,2019-07-15,7/102
947,その他,2019-07-15,2019-07-15,7/102
948,健康用品,2019-07-15,2019-07-15,7/103
949,看護/介護用品,2019-07-15,2019-07-15,7/103
950,救急/衛生用品,2019-07-15,2019-07-15,7/103
951,その他,2019-07-15,2019-07-15,7/103
952,スマートフォン本体,2019-07-15,2019-07-15,8/104
953,バッテリー/充電器,2019-07-15,2019-07-15,8/104
954,携帯電話本体,2019-07-15,2019-07-15,8/104
955,PHS本体,2019-07-15,2019-07-15,8/104
956,その他,2019-07-15,2019-07-15,8/104
957,Android用ケース,2019-07-15,2019-07-15,8/105
958,iPhone用ケース,2019-07-15,2019-07-15,8/105
959,カバー,2019-07-15,2019-07-15,8/105
960,イヤホンジャック,2019-07-15,2019-07-15,8/105
961,ストラップ,2019-07-15,2019-07-15,8/105
962,フィルム,2019-07-15,2019-07-15,8/105
963,自撮り棒,2019-07-15,2019-07-15,8/105
964,その他,2019-07-15,2019-07-15,8/105
965,タブレット,2019-07-15,2019-07-15,8/106
966,ノートPC,2019-07-15,2019-07-15,8/106
967,デスクトップ型PC,2019-07-15,2019-07-15,8/106
968,ディスプレイ,2019-07-15,2019-07-15,8/106
969,電子ブックリーダー,2019-07-15,2019-07-15,8/106
970,PC周辺機器,2019-07-15,2019-07-15,8/106
971,PCパーツ,2019-07-15,2019-07-15,8/106
972,その他,2019-07-15,2019-07-15,8/106
973,デジタルカメラ,2019-07-15,2019-07-15,8/107
974,ビデオカメラ,2019-07-15,2019-07-15,8/107
975,レンズ(単焦点),2019-07-15,2019-07-15,8/107
976,レンズ(ズーム),2019-07-15,2019-07-15,8/107
977,フィルムカメラ,2019-07-15,2019-07-15,8/107
978,防犯カメラ,2019-07-15,2019-07-15,8/107
979,その他,2019-07-15,2019-07-15,8/107
980,テレビ,2019-07-15,2019-07-15,8/108
981,プロジェクター,2019-07-15,2019-07-15,8/108
982,ブルーレイレコーダー,2019-07-15,2019-07-15,8/108
983,DVDレコーダー,2019-07-15,2019-07-15,8/108
984,ブルーレイプレーヤー,2019-07-15,2019-07-15,8/108
985,DVDプレーヤー,2019-07-15,2019-07-15,8/108
986,映像用ケーブル,2019-07-15,2019-07-15,8/108
987,その他,2019-07-15,2019-07-15,8/108
988,ポータブルプレーヤー,2019-07-15,2019-07-15,8/109
989,イヤフォン,2019-07-15,2019-07-15,8/109
990,ヘッドフォン,2019-07-15,2019-07-15,8/109
991,アンプ,2019-07-15,2019-07-15,8/109
992,スピーカー,2019-07-15,2019-07-15,8/109
993,ケーブル/シールド,2019-07-15,2019-07-15,8/109
994,ラジオ,2019-07-15,2019-07-15,8/109
995,その他,2019-07-15,2019-07-15,8/109
996,ヘアドライヤー,2019-07-15,2019-07-15,8/110
997,ヘアアイロン,2019-07-15,2019-07-15,8/110
998,美容機器,2019-07-15,2019-07-15,8/110
999,電気シェーバー,2019-07-15,2019-07-15,8/110
1000,電動歯ブラシ,2019-07-15,2019-07-15,8/110
1001,その他,2019-07-15,2019-07-15,8/110
1002,エアコン,2019-07-15,2019-07-15,8/111
1003,空気清浄器,2019-07-15,2019-07-15,8/111
1004,加湿器,2019-07-15,2019-07-15,8/111
1005,扇風機,2019-07-15,2019-07-15,8/111
1006,除湿機,2019-07-15,2019-07-15,8/111
1007,ファンヒーター,2019-07-15,2019-07-15,8/111
1008,電気ヒーター,2019-07-15,2019-07-15,8/111
1009,オイルヒーター,2019-07-15,2019-07-15,8/111
1010,ストーブ,2019-07-15,2019-07-15,8/111
1011,ホットカーペット,2019-07-15,2019-07-15,8/111
1012,こたつ,2019-07-15,2019-07-15,8/111
1013,電気毛布,2019-07-15,2019-07-15,8/111
1014,その他,2019-07-15,2019-07-15,8/111
1015,冷蔵庫,2019-07-15,2019-07-15,8/112
1016,洗濯機,2019-07-15,2019-07-15,8/112
1017,炊飯器,2019-07-15,2019-07-15,8/112
1018,電子レンジ/オーブン,2019-07-15,2019-07-15,8/112
1019,調理機器,2019-07-15,2019-07-15,8/112
1020,アイロン,2019-07-15,2019-07-15,8/112
1021,掃除機,2019-07-15,2019-07-15,8/112
1022,エスプレッソマシン,2019-07-15,2019-07-15,8/112
1023,コーヒーメーカー,2019-07-15,2019-07-15,8/112
1024,衣類乾燥機,2019-07-15,2019-07-15,8/112
1025,その他,2019-07-15,2019-07-15,8/112
1026,その他,2019-07-15,2019-07-15,8/113
1027,クラブ,2019-07-15,2019-07-15,9/114
1028,ウエア(男性用),2019-07-15,2019-07-15,9/114
1029,ウエア(女性用),2019-07-15,2019-07-15,9/114
1030,バッグ,2019-07-15,2019-07-15,9/114
1031,シューズ(男性用),2019-07-15,2019-07-15,9/114
1032,シューズ(女性用),2019-07-15,2019-07-15,9/114
1033,アクセサリー,2019-07-15,2019-07-15,9/114
1034,その他,2019-07-15,2019-07-15,9/114
1035,ロッド,2019-07-15,2019-07-15,9/115
1036,リール,2019-07-15,2019-07-15,9/115
1037,ルアー用品,2019-07-15,2019-07-15,9/115
1038,ウエア,2019-07-15,2019-07-15,9/115
1039,釣り糸/ライン,2019-07-15,2019-07-15,9/115
1040,その他,2019-07-15,2019-07-15,9/115
1041,自転車本体,2019-07-15,2019-07-15,9/116
1042,ウエア,2019-07-15,2019-07-15,9/116
1043,パーツ,2019-07-15,2019-07-15,9/116
1044,アクセサリー,2019-07-15,2019-07-15,9/116
1045,バッグ,2019-07-15,2019-07-15,9/116
1046,工具/メンテナンス,2019-07-15,2019-07-15,9/116
1047,その他,2019-07-15,2019-07-15,9/116
1048,ランニング,2019-07-15,2019-07-15,9/117
1049,ウォーキング,2019-07-15,2019-07-15,9/117
1050,ヨガ,2019-07-15,2019-07-15,9/117
1051,トレーニング用品,2019-07-15,2019-07-15,9/117
1052,その他,2019-07-15,2019-07-15,9/117
1053,ウェア,2019-07-15,2019-07-15,9/118
1054,シューズ,2019-07-15,2019-07-15,9/118
1055,グローブ,2019-07-15,2019-07-15,9/118
1056,バット,2019-07-15,2019-07-15,9/118
1057,アクセサリー,2019-07-15,2019-07-15,9/118
1058,防具,2019-07-15,2019-07-15,9/118
1059,練習機器,2019-07-15,2019-07-15,9/118
1060,記念グッズ,2019-07-15,2019-07-15,9/118
1061,応援グッズ,2019-07-15,2019-07-15,9/118
1062,その他,2019-07-15,2019-07-15,9/118
1063,ウェア,2019-07-15,2019-07-15,9/119
1064,シューズ,2019-07-15,2019-07-15,9/119
1065,ボール,2019-07-15,2019-07-15,9/119
1066,アクセサリー,2019-07-15,2019-07-15,9/119
1067,記念グッズ,2019-07-15,2019-07-15,9/119
1068,応援グッズ,2019-07-15,2019-07-15,9/119
1069,その他,2019-07-15,2019-07-15,9/119
1070,ラケット(硬式用),2019-07-15,2019-07-15,9/120
1071,ラケット(軟式用),2019-07-15,2019-07-15,9/120
1072,ウェア,2019-07-15,2019-07-15,9/120
1073,シューズ,2019-07-15,2019-07-15,9/120
1074,ボール,2019-07-15,2019-07-15,9/120
1075,アクセサリー,2019-07-15,2019-07-15,9/120
1076,記念グッズ,2019-07-15,2019-07-15,9/120
1077,応援グッズ,2019-07-15,2019-07-15,9/120
1078,その他,2019-07-15,2019-07-15,9/120
1079,ボード,2019-07-15,2019-07-15,9/121
1080,バインディング,2019-07-15,2019-07-15,9/121
1081,ブーツ(男性用),2019-07-15,2019-07-15,9/121
1082,ブーツ(女性用),2019-07-15,2019-07-15,9/121
1083,ブーツ(子ども用),2019-07-15,2019-07-15,9/121
1084,ウエア/装備(男性用),2019-07-15,2019-07-15,9/121
1085,ウエア/装備(女性用),2019-07-15,2019-07-15,9/121
1086,ウエア/装備(子ども用),2019-07-15,2019-07-15,9/121
1087,アクセサリー,2019-07-15,2019-07-15,9/121
1088,バッグ,2019-07-15,2019-07-15,9/121
1089,その他,2019-07-15,2019-07-15,9/121
1090,板,2019-07-15,2019-07-15,9/122
1091,ブーツ(男性用),2019-07-15,2019-07-15,9/122
1092,ブーツ(女性用),2019-07-15,2019-07-15,9/122
1093,ブーツ(子ども用),2019-07-15,2019-07-15,9/122
1094,ビンディング,2019-07-15,2019-07-15,9/122
1095,ウエア(男性用),2019-07-15,2019-07-15,9/122
1096,ウエア(女性用),2019-07-15,2019-07-15,9/122
1097,ウエア(子ども用),2019-07-15,2019-07-15,9/122
1098,ストック,2019-07-15,2019-07-15,9/122
1099,その他,2019-07-15,2019-07-15,9/122
1100,ダンス/バレエ,2019-07-15,2019-07-15,9/123
1101,サーフィン,2019-07-15,2019-07-15,9/123
1102,バスケットボール,2019-07-15,2019-07-15,9/123
1103,バドミントン,2019-07-15,2019-07-15,9/123
1104,バレーボール,2019-07-15,2019-07-15,9/123
1105,スケートボード,2019-07-15,2019-07-15,9/123
1106,陸上競技,2019-07-15,2019-07-15,9/123
1107,ラグビー,2019-07-15,2019-07-15,9/123
1108,アメリカンフットボール,2019-07-15,2019-07-15,9/123
1109,ボクシング,2019-07-15,2019-07-15,9/123
1110,ボウリング,2019-07-15,2019-07-15,9/123
1111,その他,2019-07-15,2019-07-15,9/123
1112,テント/タープ,2019-07-15,2019-07-15,9/124
1113,ライト/ランタン,2019-07-15,2019-07-15,9/124
1114,寝袋/寝具,2019-07-15,2019-07-15,9/124
1115,テーブル/チェア,2019-07-15,2019-07-15,9/124
1116,ストーブ/コンロ,2019-07-15,2019-07-15,9/124
1117,調理器具,2019-07-15,2019-07-15,9/124
1118,食器,2019-07-15,2019-07-15,9/124
1119,登山用品,2019-07-15,2019-07-15,9/124
1120,その他,2019-07-15,2019-07-15,9/124
1121,旅行用品,2019-07-15,2019-07-15,9/125
1122,その他,2019-07-15,2019-07-15,9/125
1123,ピアス,2019-07-15,2019-07-15,10/126
1124,イヤリング,2019-07-15,2019-07-15,10/126
1125,ネックレス,2019-07-15,2019-07-15,10/126
1126,ブレスレット,2019-07-15,2019-07-15,10/126
1127,リング,2019-07-15,2019-07-15,10/126
1128,チャーム,2019-07-15,2019-07-15,10/126
1129,ヘアゴム,2019-07-15,2019-07-15,10/126
1130,アンクレット,2019-07-15,2019-07-15,10/126
1131,その他,2019-07-15,2019-07-15,10/126
1132,バッグ(女性用),2019-07-15,2019-07-15,10/127
1133,バッグ(男性用),2019-07-15,2019-07-15,10/127
1134,財布(女性用),2019-07-15,2019-07-15,10/127
1135,財布(男性用),2019-07-15,2019-07-15,10/127
1136,ファッション雑貨,2019-07-15,2019-07-15,10/127
1137,その他,2019-07-15,2019-07-15,10/127
1138,アクセサリー(男性用),2019-07-15,2019-07-15,10/128
1139,時計(女性用),2019-07-15,2019-07-15,10/128
1140,時計(男性用),2019-07-15,2019-07-15,10/128
1141,その他,2019-07-15,2019-07-15,10/128
1142,キッチン用品,2019-07-15,2019-07-15,10/129
1143,家具,2019-07-15,2019-07-15,10/129
1144,文房具,2019-07-15,2019-07-15,10/129
1145,アート/写真,2019-07-15,2019-07-15,10/129
1146,アロマ/キャンドル,2019-07-15,2019-07-15,10/129
1147,フラワー/ガーデン,2019-07-15,2019-07-15,10/129
1148,その他,2019-07-15,2019-07-15,10/129
1149,クラフト/布製品,2019-07-15,2019-07-15,10/130
1150,おもちゃ/人形,2019-07-15,2019-07-15,10/130
1151,その他,2019-07-15,2019-07-15,10/130
1152,ファッション雑貨,2019-07-15,2019-07-15,10/131
1153,スタイ/よだれかけ,2019-07-15,2019-07-15,10/131
1154,外出用品,2019-07-15,2019-07-15,10/131
1155,ネームタグ,2019-07-15,2019-07-15,10/131
1156,その他,2019-07-15,2019-07-15,10/131
1157,各種パーツ,2019-07-15,2019-07-15,10/132
1158,生地/糸,2019-07-15,2019-07-15,10/132
1159,型紙/パターン,2019-07-15,2019-07-15,10/132
1160,その他,2019-07-15,2019-07-15,10/132
1161,Ingress,2019-07-15,2019-07-15,10/133
1162,クリエイターズ宇宙兄弟,2019-07-15,2019-07-15,10/133
1163,その他,2019-07-15,2019-07-15,10/133
1164,その他,2019-07-15,2019-07-15,10/134
1165,男性アイドル,2019-07-15,2019-07-15,11/135
1166,女性アイドル,2019-07-15,2019-07-15,11/135
1167,韓流,2019-07-15,2019-07-15,11/135
1168,国内アーティスト,2019-07-15,2019-07-15,11/135
1169,海外アーティスト,2019-07-15,2019-07-15,11/135
1170,音楽フェス,2019-07-15,2019-07-15,11/135
1171,声優/アニメ,2019-07-15,2019-07-15,11/135
1172,その他,2019-07-15,2019-07-15,11/135
1173,サッカー,2019-07-15,2019-07-15,11/136
1174,野球,2019-07-15,2019-07-15,11/136
1175,テニス,2019-07-15,2019-07-15,11/136
1176,格闘技/プロレス,2019-07-15,2019-07-15,11/136
1177,相撲/武道,2019-07-15,2019-07-15,11/136
1178,ゴルフ,2019-07-15,2019-07-15,11/136
1179,バレーボール,2019-07-15,2019-07-15,11/136
1180,バスケットボール,2019-07-15,2019-07-15,11/136
1181,モータースポーツ,2019-07-15,2019-07-15,11/136
1182,ウィンタースポーツ,2019-07-15,2019-07-15,11/136
1183,その他,2019-07-15,2019-07-15,11/136
1184,ミュージカル,2019-07-15,2019-07-15,11/137
1185,演劇,2019-07-15,2019-07-15,11/137
1186,伝統芸能,2019-07-15,2019-07-15,11/137
1187,落語,2019-07-15,2019-07-15,11/137
1188,お笑い,2019-07-15,2019-07-15,11/137
1189,オペラ,2019-07-15,2019-07-15,11/137
1190,サーカス,2019-07-15,2019-07-15,11/137
1191,バレエ,2019-07-15,2019-07-15,11/137
1192,その他,2019-07-15,2019-07-15,11/137
1193,声優/アニメ,2019-07-15,2019-07-15,11/138
1194,キッズ/ファミリー,2019-07-15,2019-07-15,11/138
1195,トークショー/講演会,2019-07-15,2019-07-15,11/138
1196,その他,2019-07-15,2019-07-15,11/139
1197,邦画,2019-07-15,2019-07-15,11/139
1198,洋画,2019-07-15,2019-07-15,11/139
1199,その他,2019-07-15,2019-07-15,11/139
1200,遊園地/テーマパーク,2019-07-15,2019-07-15,11/140
1201,美術館/博物館,2019-07-15,2019-07-15,11/140
1202,スキー場,2019-07-15,2019-07-15,11/140
1203,ゴルフ場,2019-07-15,2019-07-15,11/140
1204,フィットネスクラブ,2019-07-15,2019-07-15,11/140
1205,プール,2019-07-15,2019-07-15,11/140
1206,ボウリング場,2019-07-15,2019-07-15,11/140
1207,水族館,2019-07-15,2019-07-15,11/140
1208,動物園,2019-07-15,2019-07-15,11/140
1209,その他,2019-07-15,2019-07-15,11/140
1210,ショッピング,2019-07-15,2019-07-15,11/141
1211,レストラン/食事券,2019-07-15,2019-07-15,11/141
1212,フード/ドリンク券,2019-07-15,2019-07-15,11/141
1213,宿泊券,2019-07-15,2019-07-15,11/141
1214,その他,2019-07-15,2019-07-15,11/141
1215,その他,2019-07-15,2019-07-15,11/142
1216,国内自動車本体,2019-07-15,2019-07-15,12/143
1217,外国自動車本体,2019-07-15,2019-07-15,12/143
1218,その他,2019-07-15,2019-07-15,12/143
1219,タイヤ/ホイールセット,2019-07-15,2019-07-15,12/144
1220,タイヤ,2019-07-15,2019-07-15,12/144
1221,ホイール,2019-07-15,2019-07-15,12/144
1222,その他,2019-07-15,2019-07-15,12/144
1223,サスペンション,2019-07-15,2019-07-15,12/145
1224,ブレーキ,2019-07-15,2019-07-15,12/145
1225,外装、エアロパーツ,2019-07-15,2019-07-15,12/145
1226,ライト,2019-07-15,2019-07-15,12/145
1227,内装品、シート,2019-07-15,2019-07-15,12/145
1228,ステアリング,2019-07-15,2019-07-15,12/145
1229,マフラー・排気系,2019-07-15,2019-07-15,12/145
1230,エンジン、過給器、冷却装置,2019-07-15,2019-07-15,12/145
1231,クラッチ、ミッション、駆動系,2019-07-15,2019-07-15,12/145
1232,電装品,2019-07-15,2019-07-15,12/145
1233,補強パーツ,2019-07-15,2019-07-15,12/145
1234,汎用パーツ,2019-07-15,2019-07-15,12/145
1235,外国自動車用パーツ,2019-07-15,2019-07-15,12/145
1236,その他,2019-07-15,2019-07-15,12/145
1237,車内アクセサリー,2019-07-15,2019-07-15,12/146
1238,カーナビ,2019-07-15,2019-07-15,12/146
1239,カーオーディオ,2019-07-15,2019-07-15,12/146
1240,車外アクセサリー,2019-07-15,2019-07-15,12/146
1241,メンテナンス用品,2019-07-15,2019-07-15,12/146
1242,チャイルドシート,2019-07-15,2019-07-15,12/146
1243,ドライブレコーダー,2019-07-15,2019-07-15,12/146
1244,レーダー探知機,2019-07-15,2019-07-15,12/146
1245,カタログ/マニュアル,2019-07-15,2019-07-15,12/146
1246,セキュリティ,2019-07-15,2019-07-15,12/146
1247,ETC,2019-07-15,2019-07-15,12/146
1248,その他,2019-07-15,2019-07-15,12/146
1249,オートバイ車体,2019-07-15,2019-07-15,12/147
1250,その他,2019-07-15,2019-07-15,12/147
1251,タイヤ,2019-07-15,2019-07-15,12/148
1252,マフラー,2019-07-15,2019-07-15,12/148
1253,エンジン、冷却装置,2019-07-15,2019-07-15,12/148
1254,カウル、フェンダー、外装,2019-07-15,2019-07-15,12/148
1255,サスペンション,2019-07-15,2019-07-15,12/148
1256,ホイール,2019-07-15,2019-07-15,12/148
1257,シート,2019-07-15,2019-07-15,12/148
1258,ブレーキ,2019-07-15,2019-07-15,12/148
1259,タンク,2019-07-15,2019-07-15,12/148
1260,ライト、ウィンカー,2019-07-15,2019-07-15,12/148
1261,チェーン、スプロケット、駆動系,2019-07-15,2019-07-15,12/148
1262,メーター,2019-07-15,2019-07-15,12/148
1263,電装系,2019-07-15,2019-07-15,12/148
1264,ミラー,2019-07-15,2019-07-15,12/148
1265,外国オートバイ用パーツ,2019-07-15,2019-07-15,12/148
1266,その他,2019-07-15,2019-07-15,12/148
1267,ヘルメット/シールド,2019-07-15,2019-07-15,12/149
1268,バイクウエア/装備,2019-07-15,2019-07-15,12/149
1269,アクセサリー,2019-07-15,2019-07-15,12/149
1270,メンテナンス,2019-07-15,2019-07-15,12/149
1271,カタログ/マニュアル,2019-07-15,2019-07-15,12/149
1272,その他,2019-07-15,2019-07-15,12/149
1273,まとめ売り,2019-07-15,2019-07-15,13/150
1274,その他,2019-07-15,2019-07-15,13/150
1275,ペットフード,2019-07-15,2019-07-15,13/151
1276,犬用品,2019-07-15,2019-07-15,13/151
1277,猫用品,2019-07-15,2019-07-15,13/151
1278,魚用品/水草,2019-07-15,2019-07-15,13/151
1279,小動物用品,2019-07-15,2019-07-15,13/151
1280,爬虫類/両生類用品,2019-07-15,2019-07-15,13/151
1281,かご/おり,2019-07-15,2019-07-15,13/151
1282,鳥用品,2019-07-15,2019-07-15,13/151
1283,虫類用品,2019-07-15,2019-07-15,13/151
1284,その他,2019-07-15,2019-07-15,13/151
1285,菓子,2019-07-15,2019-07-15,13/152
1286,米,2019-07-15,2019-07-15,13/152
1287,野菜,2019-07-15,2019-07-15,13/152
1288,果物,2019-07-15,2019-07-15,13/152
1289,調味料,2019-07-15,2019-07-15,13/152
1290,魚介類(加工食品),2019-07-15,2019-07-15,13/152
1291,肉類(加工食品),2019-07-15,2019-07-15,13/152
1292,その他加工食品,2019-07-15,2019-07-15,13/152
1293,その他,2019-07-15,2019-07-15,13/152
1294,コーヒー,2019-07-15,2019-07-15,13/153
1295,ソフトドリンク,2019-07-15,2019-07-15,13/153
1296,ミネラルウォーター,2019-07-15,2019-07-15,13/153
1297,茶,2019-07-15,2019-07-15,13/153
1298,ウイスキー,2019-07-15,2019-07-15,13/153
1299,ワイン,2019-07-15,2019-07-15,13/153
1300,ブランデー,2019-07-15,2019-07-15,13/153
1301,焼酎,2019-07-15,2019-07-15,13/153
1302,日本酒,2019-07-15,2019-07-15,13/153
1303,ビール、発泡酒,2019-07-15,2019-07-15,13/153
1304,その他,2019-07-15,2019-07-15,13/153
1305,タオル/バス用品,2019-07-15,2019-07-15,13/154
1306,日用品/生活雑貨,2019-07-15,2019-07-15,13/154
1307,洗剤/柔軟剤,2019-07-15,2019-07-15,13/154
1308,旅行用品,2019-07-15,2019-07-15,13/154
1309,防災関連グッズ,2019-07-15,2019-07-15,13/154
1310,その他,2019-07-15,2019-07-15,13/154
1311,雑貨,2019-07-15,2019-07-15,13/155
1312,工芸品,2019-07-15,2019-07-15,13/155
1313,家具,2019-07-15,2019-07-15,13/155
1314,印刷物,2019-07-15,2019-07-15,13/155
1315,その他,2019-07-15,2019-07-15,13/155
1316,筆記具,2019-07-15,2019-07-15,13/156
1317,ノート/メモ帳,2019-07-15,2019-07-15,13/156
1318,テープ/マスキングテープ,2019-07-15,2019-07-15,13/156
1319,カレンダー/スケジュール,2019-07-15,2019-07-15,13/156
1320,アルバム/スクラップ,2019-07-15,2019-07-15,13/156
1321,ファイル/バインダー,2019-07-15,2019-07-15,13/156
1322,はさみ/カッター,2019-07-15,2019-07-15,13/156
1323,カードホルダー/名刺管理,2019-07-15,2019-07-15,13/156
1324,のり/ホッチキス,2019-07-15,2019-07-15,13/156
1325,その他,2019-07-15,2019-07-15,13/156
1326,オフィス用品一般,2019-07-15,2019-07-15,13/157
1327,オフィス家具,2019-07-15,2019-07-15,13/157
1328,店舗用品,2019-07-15,2019-07-15,13/157
1329,OA機器,2019-07-15,2019-07-15,13/157
1330,ラッピング/包装,2019-07-15,2019-07-15,13/157
1331,その他,2019-07-15,2019-07-15,13/157
1332,その他,2019-07-15,2019-07-15,13/158